"nodeid","personID","set_AB","forename","surname","n.pcode_1","n.pcode_2","n.sex_1","n.sex_2","nodesize"
0,"KT27BS_10","a","JESSICA",NA,"KT27BS",NA,"F",NA,6
1,"KT33JH_18","a","JESSICA",NA,"KT33JH",NA,"F",NA,6
2,"KT92NE_27","a","JESSICA",NA,"KT92NE",NA,"F",NA,6
3,"KT65BD_45","a","EVAN","HAMER","KT65BD",NA,"M",NA,6
4,"KT26LH_34","a","MUHAMMAD","CARTER","KT26LH",NA,"M",NA,6
5,"KT48DE_16","a","MUHAMMAD","CARTER","KT48DE",NA,"M",NA,6
6,"KT92NE_36","a","MUHAMMAD","CARTER","KT92NE",NA,"M",NA,6
7,"KT65BD_34","a","RUBEN","BOOTH","KT65BD",NA,"M",NA,6
8,"KT65BD_46","a","RUBEN","BOOTH","KT65BD",NA,"M",NA,6
9,"KT92NE_11","a","NAOMI","HART","KT92NE",NA,"F",NA,6
10,"KT12SF_24","a","MUHAMMAD","CARTER",NA,NA,"M",NA,6
11,"KT34EU_29","a","KEIRA","BOOTH","KT34EU",NA,"F",NA,6
12,"KT27BS_39","a","HARRISON","HUDSON","KT27BS",NA,"M",NA,6
13,"KT26RY_42","a","KEIRA","EVANS","KT26RY",NA,"F",NA,6
14,"KT48DE_33","a","DAISY","CARTER","KT48DE",NA,"F",NA,6
15,"KT33JH_2","a",NA,"CARTER","KT33JH",NA,"F",NA,6
16,"KT48DE_45","a","SCARLETT","ROBINSON","KT48DE",NA,"F",NA,6
17,"KT92NE_14","a","HALLE","GREEN","KT92NE",NA,"F",NA,6
18,"KT34DR_22","a","HOPE","EVANS","KT34DR",NA,"F",NA,6
19,"KT34EU_42","a","ELOISE","TUCKER","KT34EU",NA,"F",NA,6
20,"KT26RY_10","a","THEO","HUDSON","KT33JH",NA,"M",NA,6
21,"KT27BS_43","a","LYLA","HENDERSON","KT27BS",NA,"F",NA,6
22,"KT27BS_45","a","TOMMY","CARTER","KT27BS",NA,"M",NA,6
23,"KT34DR_15","a","TOMMY","CARTER","KT34DR",NA,"M",NA,6
24,"KT27BS_9","a","THEO","HAMER","KT27BS",NA,"M",NA,6
25,"KT26LH_9","a","THEA","HUDSON","KT26LH",NA,"F",NA,6
26,"KT34EU_40","a","LENA","HUDSON","KT34EU",NA,"F",NA,6
27,"KT34DR_2","a","HARRISON","HARRISON","KT34DR",NA,"M",NA,6
28,"KT26LH_12","a","KEIRA","EVANS","KT26LH",NA,"F",NA,6
29,"KT48DE_23","a","LENA","HAMER","KT48DE",NA,"F",NA,6
30,"KT65BD_49","a","ALEXA","HUDSON","KT65BD",NA,"F",NA,6
31,"KT26RY_8","a","LENA","HAMER","KT26RY",NA,"F",NA,6
32,"KT65BD_37","a","LUCAS","CARTER","KT65BD",NA,"M",NA,6
33,"KT26RY_15","a","CALLUM","CARTER","KT26RY",NA,"M",NA,6
34,"KT65BD_51","a","THEODORE","CARTER","KT65BD",NA,"M",NA,6
35,"KT27BS_18","a","LUCAS","CARTER","KT27BS",NA,"M",NA,6
36,"KT34EU_35","a","MAISIE","CARTER","KT34EU",NA,"F",NA,6
37,"KT12SF_7","a","HARRISON","HUDSON","KT12SF",NA,"M",NA,6
38,"KT65BD_21","a","DAISY","ROBINSON","KT65BD",NA,"F",NA,6
39,"KT26RY_13","a","LYLA","HENDERSON","KT26RY",NA,"F",NA,6
40,"KT26LH_41","a","MADDISON","HUDSON","KT26LH",NA,"F",NA,6
41,"KT48DE_38","a","RILEY","HART","KT48DE",NA,"M",NA,6
42,"KT48DE_43","a","ESME","EVANS","KT48DE",NA,"F",NA,6
43,"KT33JH_24","a","REECE","THOMSON",NA,NA,"M",NA,6
44,"KT34EU_15","a","DAISY","HUDSON","KT34EU",NA,"F",NA,6
45,"KT48DE_44","a","DAISY","HUDSON","KT48DE",NA,"F",NA,6
46,"KT65BD_24","a","ELOISE","HUDSON","KT65BD",NA,"F",NA,6
47,"KT34DR_6","a","HALLIE","CARTER","KT34DR",NA,"F",NA,6
48,"KT33JH_45","a","LIAM","THOMSON","KT27BS",NA,"M",NA,6
49,"KT34EU_10","a","MUHAMMAD","BOOTH","KT34EU",NA,"M",NA,6
50,"KT34EU_43","a","MUHAMMAD","BOOTH","KT34EU",NA,"M",NA,6
51,"KT12SF_27","a","MOHAMMAD","HUDSON","KT12SF",NA,"M",NA,6
52,"KT26RY_29","a","HARRISON","HARRISON","KT26RY",NA,"M",NA,6
53,"KT26RY_45","a","HARRISON","HARRISON","KT26RY",NA,"M",NA,6
54,"KT92NE_26","a","HARRISON","HART","KT92NE",NA,"M",NA,6
55,"KT26RY_48","a","KYE","BOOTH","KT26RY",NA,"M",NA,6
56,"KT34DR_27","a","RAYAN","CARTER","KT34DR",NA,"M",NA,6
57,"KT33JH_19","a","HARRISON","MURRAY","KT33JH",NA,"M",NA,6
58,"KT27BS_13","a","HOLLIE","MCCALL","KT27BS",NA,"F",NA,6
59,"KT26LH_14","a","DAISY","CARTER","KT26LH",NA,"F",NA,6
60,"KT26LH_44","a","DAISY","CARTER","KT26LH",NA,"F",NA,6
61,"KT34EU_46","a","THEO","CARTER","KT34EU",NA,"M",NA,6
62,"KT33JH_46","a","MUHAMMAD","BOOTH",NA,NA,"M",NA,6
63,"KT12SF_5","a","KEIRA","HUDSON","KT12SF",NA,"F",NA,6
64,"KT26LH_8","a",NA,"CARTER","KT26LH",NA,"M",NA,6
65,"KT34EU_24","a","SCARLETT","MAY","KT34EU",NA,"F",NA,6
66,"KT48DE_30","a","AMAYA","EVANS","KT48DE",NA,"F",NA,6
67,"KT34DR_1","a","THEO","CARTER","KT34DR",NA,"M",NA,6
68,"KT34DR_7","a","THEO","CARTER","KT34DR",NA,"M",NA,6
69,"KT27BS_35","a","MAISIE","CARTER","KT27BS",NA,"F",NA,6
70,"KT26RY_24","a","LENA","HUDSON","KT26RY",NA,"F",NA,6
71,"KT26LH_6","a","ELOISE","TUCKER","KT26LH",NA,"F",NA,6
72,"KT92NE_34","a","ARABELLA","HUDSON","KT92NE",NA,"F",NA,6
73,"KT48DE_31","a","DYLAN","EVANS","KT48DE",NA,"M",NA,6
74,"KT48DE_1","a","HARRISON","EVANS","KT48DE",NA,"M",NA,6
75,"KT33JH_12","a","MUHAMMAD","COOKE","KT33JH",NA,"M",NA,6
76,"KT12SF_2","a","ALEXA","EVANS","KT12SF",NA,"F",NA,6
77,"KT34EU_27","a","KEIRA","ALLEN","KT34EU",NA,"F",NA,6
78,"KT12SF_45","a","MUHAMMAD","CARTER","KT12SF",NA,"M",NA,6
79,"KT34EU_25","a","AMAYA","EVANS","KT34EU",NA,"F",NA,6
80,"KT12SF_41","a","MOLLY","BELL","KT12SF",NA,"F",NA,6
81,"KT26RY_3","a","GEORGE","ROBINSON","KT26RY",NA,"M",NA,6
82,"KT65BD_2","a","SCARLETT","BELL","KT65BD",NA,"F",NA,6
83,"KT27BS_4","a","DAISY","ROBINSON","KT27BS",NA,"F",NA,6
84,"KT26LH_32","a","SCARLETT","ROBINSON","KT26LH",NA,"F",NA,6
85,"KT26RY_54","a","RILEY","CARTER","KT26RY",NA,"M",NA,6
86,"KT34EU_19","a","CHARLIE","CARTER","KT34EU",NA,"M",NA,6
87,"KT65BD_27","a","CHARLIE","ATHERTON","KT65BD",NA,"M",NA,6
88,"KT92NE_31","a","CALLUM","ATHERTON","KT92NE",NA,"M",NA,6
89,"KT12SF_23","a","LYLA","CARTER","KT12SF",NA,"F",NA,6
90,"KT12SF_29","a","GEORGE","ATHERTON","KT12SF",NA,"M",NA,6
91,"KT48DE_37","a","SCARLETT","BELL","KT48DE",NA,"F",NA,6
92,"KT33JH_31","a","PAUL","ROBINSON","KT33JH",NA,"M",NA,6
93,"KT33JH_26","a","ELOISE","HUDSON","KT33JH",NA,"F",NA,6
94,"KT27BS_46","a","GEORGE","EVANS","KT27BS",NA,"M",NA,6
95,"KT27BS_14","a","ALEXA","HUDSON","KT27BS",NA,"F",NA,6
96,"KT27BS_29","a","THEODORE","CARTER","KT27BS",NA,"M",NA,6
97,"KT26LH_50","a","HALLE","GREEN","KT26LH",NA,"F",NA,6
98,"KT65BD_31","a","CALLIE","MURRAY","KT65BD",NA,"F",NA,6
99,"KT12SF_6","a","BETSY","CARTER","KT12SF",NA,"F",NA,6
100,"KT34DR_21","a","HARRISON","HART","KT34DR",NA,"M",NA,6
101,"KT27BS_2","a","JESSICA","CARTER","KT27BS",NA,"F",NA,6
102,"KT48DE_8","a","CALLUM","ATHERTON","KT48DE",NA,"M",NA,6
103,"KT34EU_44","a","ARABELLA","HUDSON","KT34EU",NA,"F",NA,6
104,"KT12SF_43","a","MATTHEW","MAY","KT12SF",NA,"M",NA,6
105,"KT26LH_31","a","LENA","CARTER","KT26LH",NA,"F",NA,6
106,"KT26LH_25","a","LUCAS","HUDSON","KT26LH",NA,"M",NA,6
107,"KT26LH_27","a","HARRISON",NA,"KT26LH",NA,"M",NA,6
108,"KT26RY_11","a","BETSY","BOOTH","KT26RY",NA,"F",NA,6
109,"KT26RY_28","a","MOHAMMAD","COOKE",NA,NA,"M",NA,6
110,"KT26RY_41","a","THEA","MAY","KT26RY",NA,"F",NA,6
111,"KT27BS_11","a","RUBEN","CHAPMAN","KT27BS",NA,"M",NA,6
112,"KT27BS_15","a","JESSICA","CHAPMAN","KT27BS",NA,"F",NA,6
113,"KT27BS_23","a","CHARLIE","HART","KT27BS",NA,"M",NA,6
114,"KT27BS_24","a","TOMMY","ROBINSON","KT27BS",NA,"M",NA,6
115,"KT27BS_36","a","ELLA-MAE","EVANS","KT27BS",NA,"F",NA,6
116,"KT27BS_37","a","CHARLIE","DONNELLY","KT27BS",NA,"M",NA,6
117,"KT27BS_56","a","DAISY","BOOTH","KT27BS",NA,"F",NA,6
118,"KT27BS_42","a","JESSICA","ATHERTON","KT27BS",NA,"F",NA,6
119,"KT27BS_5","a","RILEY","HART","KT27BS",NA,"M",NA,6
120,"KT33JH_15","a","MUHAMMAD","ROBINSON","KT33JH",NA,"M",NA,6
121,"KT33JH_23","a","MUHAMMAD","WALLACE","KT33JH",NA,"M",NA,6
122,"KT33JH_8","a","HAYDEN","HARRISON","KT33JH",NA,"M",NA,6
123,"KT34DR_18","a","THEA","RICHARDS","KT34DR",NA,"F",NA,6
124,"KT34DR_14","a","HOPE","BOOTH","KT34DR",NA,"F",NA,6
125,"KT34DR_29","a","HARRISON","MURRAY","KT34DR",NA,"M",NA,6
126,"KT34EU_34","a","RILEY","GREEN","KT34EU",NA,"M",NA,6
127,"KT34EU_50","a","MUHAMMAD","COOKE","KT34EU",NA,"M",NA,6
128,"KT34EU_52","a","SCARLETT","COLLINS","KT34EU",NA,"F",NA,6
129,"KT34EU_7","a","ALEXA","EVANS","KT34EU",NA,"F",NA,6
130,"KT48DE_15","a","RUBY","BOOTH","KT48DE",NA,"F",NA,6
131,"KT48DE_17","a","CALLUM","HUDSON","KT48DE",NA,"M",NA,6
132,"KT48DE_32","a","MOLLY","BELL","KT48DE",NA,"F",NA,6
133,"KT48DE_40","a","HALLE","ATHERTON","KT48DE",NA,"F",NA,6
134,"KT48DE_46","a","RILEY","BOOTH","KT48DE",NA,"M",NA,6
135,"KT65BD_29","a","EVAN","BELL","KT65BD",NA,"M",NA,6
136,"KT65BD_47","a","CAMERON","GREEN","KT65BD",NA,"M",NA,6
137,"KT65BD_5","a","LENA","ALLEN","KT65BD",NA,"F",NA,6
138,"KT65BD_9","a","CHARLIE","BUTLER","KT65BD",NA,NA,NA,6
139,"KT92NE_10","a","AMELIE","ROBINSON","KT92NE",NA,"F",NA,6
140,"KT92NE_15","a","CALLUM","ROBINSON","KT92NE",NA,"M",NA,6
141,"KT92NE_37","a","JESSICA","WALLACE","KT92NE",NA,"F",NA,6
142,"KT26LH_10","a","FRANCESCA","HAMER","KT26LH",NA,NA,NA,6
143,"KT26LH_26","a","MATTHE","GREEN","KT26LH",NA,"M",NA,6
144,"KT26RY_6","a","MADDISON","EVANS","KT26RY",NA,"F",NA,6
145,"KT26RY_18","a","CARTER","TMMY","KT26RY",NA,NA,NA,6
146,"KT26RY_27","a","MAISIE","ALLEN","KT26RY",NA,"F",NA,6
147,"KT26RY_19","a","C","ROBINSNO","KT26RY",NA,"M",NA,6
148,"KT26RY_12","a","DARCY",NA,"KT26RY",NA,"F",NA,6
149,"KT26RY_37","a",NA,"CHAPMAN","KT26RY",NA,"F",NA,6
150,"KT26RY_4","a","LYLA","HUDSON","KT26RY",NA,"F",NA,6
151,"KT27BS_28","a","LIAM","HUDSON","KT27BS",NA,NA,NA,6
152,"KT27BS_12","a","NAOMI","GREEN","KT27BS",NA,"F",NA,6
153,"KT27BS_44","a","GEROG",NA,"KT27BS",NA,"M",NA,6
154,"KT27BS_31","a","HARRISON","BELL","KT27BS",NA,"M",NA,6
155,"KT33JH_4","a","HALLIE","CARTR","KT33JH",NA,"F",NA,6
156,"KT33JH_47","a","HOLLIE","CARTER","KT33JH",NA,"F",NA,6
157,"KT33JH_56","a","HALLIE","BOOTH","KT33JH",NA,NA,NA,6
158,"KT33JH_37","a","FILIP","BELL","KT33JH",NA,"M",NA,6
159,"KT33JH_54","a","JESSICA","SLATER","KT33JH",NA,"F",NA,6
160,"KT33JH_11","a","CHARLIE","MURRAY","KT33JH",NA,"M",NA,6
161,"KT34DR_30","a","UMAR","ROBINSON","KT34DR",NA,"M",NA,6
162,"KT34EU_55","a","LUCAS",NA,"KT34EU",NA,"M",NA,6
163,"KT34EU_2","a","RUBY","HARRISON","KT34EU",NA,"F",NA,6
164,"KT34EU_13","a","DAIYS","MCCALL","KT34EU",NA,"F",NA,6
165,"KT34EU_18","a","BEN","ROBINSON","KT34EU",NA,"M",NA,6
166,"KT34EU_20","a","THEO",NA,"KT34EU",NA,"M",NA,6
167,"KT34EU_48","a","HARRISON","EAVNS","KT34EU",NA,"M",NA,6
168,"KT34EU_49","a","MUHAMMAD",NA,"KT34EU",NA,"M",NA,6
169,"KT34EU_54","a","HARISON","EVANS","KT34EU",NA,"M",NA,6
170,"KT48DE_10","a","ROBINSON","NAOMI","KT48DE",NA,"F",NA,6
171,"KT65BD_44","a","ABBEY","RICHARDS","KT48DE",NA,"F",NA,6
172,"KT65BD_48","a","ROBINSON","HOPE","KT65BD",NA,"F",NA,6
173,"KT65BD_38","a","BEN",NA,"KT65BD",NA,"M",NA,6
174,"KT65BD_8","a","CAMERON","COLLINS","KT65BD",NA,NA,NA,6
175,"KT92NE_16","a","YUSUF","BELL","KT92NE",NA,"M",NA,6
176,"KT92NE_23","a","ZAK","CARTR","KT92NE",NA,"M",NA,6
177,"KT92NE_7","a","THEA","CHAPMAN","KT92NE",NA,"F",NA,6
178,"KT92NE_22","a","HOPE","BUTLER","KT92NE",NA,"F",NA,6
179,"KT27BS_40","a","RILEY","EVANS","KT27BS",NA,"M",NA,6
180,"KT26RY_21","a","THEOFILOS","HAMER","KT34EU",NA,NA,NA,6
181,"KT33JH_21","a","ESME","EVANS","KT33JH",NA,"F",NA,6
182,"KT33JH_40","a","SCARLET","CARTER","KT33JH",NA,"F",NA,6
183,"KT26LH_45","a","DAISY","EVANS","KT26LH",NA,"F",NA,6
184,"KT26LH_3","a","MADDISON","CARTER",NA,NA,"F",NA,6
185,"KT33JH_25","a","DAISY","HUDSON","KT33JH",NA,"F",NA,6
186,"KT27BS_52","a","RUBN","HUDSON","KT27BS",NA,"M",NA,6
187,"KT92NE_25","a","KAYLA","BOOTH","KT92NE",NA,"F",NA,6
188,"KT48DE_28","a","S","BOOTH","KT48DE",NA,NA,NA,6
189,"KT48DE_47","a","RYLEY","CARTER","KT48DE",NA,"M",NA,6
190,"KT26LH_2","a","LEAN","CARTER","KT26LH",NA,"F",NA,6
191,"KT33JH_39","a","MAXWELL","CARTER","KT33JH",NA,"M",NA,6
192,"KT26LH_39","a","PEGGIE","ROBINSON","KT26LH",NA,"F",NA,6
193,"KT27BS_50","a","HARRSON","BELL","KT27BS",NA,"M",NA,6
194,"KT27BS_22","a","CALLUM","EVANS",NA,NA,"M",NA,6
195,"KT33JH_5","a","MUHAMMAD","HARRISON","KT33JH",NA,NA,NA,6
196,"KT34EU_23","a","ESMERELDA","CHAPMAN","KT34EU",NA,NA,NA,6
197,"KT48DE_25","a","MOHAMMAD","CARTER","KT48DE",NA,"M",NA,6
198,"KT65BD_11","a",NA,"CARTER","KT65BD",NA,NA,NA,6
199,"KT26LH_43","a","ESME","GREEN","KT26LH",NA,NA,NA,6
200,"KT12SF_13","a","HAMER","EWEN","KT12SF",NA,"M",NA,6
201,"KT12SF_16","a","RUBIE","CARTER","KT12SF",NA,"F",NA,6
202,"KT12SF_40","a","LUCAS","HENDERSON","KT12SF",NA,"M",NA,6
203,"KT12SF_25","a","SCARLET","CARTRE","KT12SF",NA,"F",NA,6
204,"KT12SF_37","a","MAISIE","JAMES","KT12SF",NA,"F",NA,6
205,"KT12SF_22","a","EVAN","KARTER","KT12SF",NA,NA,NA,6
206,"KT26LH_15","a","BOOTH","HOLLIE","KT26LH",NA,"F",NA,6
207,"KT26LH_5","a","ALLEN","HOLLIE","KT26LH",NA,"F",NA,6
208,"KT26RY_25","a","MAISIE","HARRIOSN","KT26RY",NA,"F",NA,6
209,"KT26RY_36","a","ROBINSONS","RILEY","KT26RY",NA,"M",NA,6
210,"KT26RY_43","a","HOLLY","GEREN","KT26RY",NA,"F",NA,6
211,"KT26RY_46","a","DYLAN","HAMER","KT26RY",NA,"M",NA,6
212,"KT26RY_53","a","MADDISON","ALLEN","KT26RY",NA,"F",NA,6
213,"KT27BS_33","a","ROBRT","COLLINGS","KT27BS",NA,"M",NA,6
214,"KT27BS_47","a","HUDSON","MADDISON","KT27BS",NA,"F",NA,6
215,"KT27BS_49","a","COLLINS","JESSICA","KT27BS",NA,"F",NA,6
216,"KT27BS_55","a","LUKE","HUDSON","KT27BS",NA,"M",NA,6
217,"KT27BS_59","a","RUBEN","COOEK","KT27BS",NA,"M",NA,6
218,"KT33JH_49","a","THEO","MAY","KT33JH",NA,"M",NA,6
219,"KT33JH_53","a","SACRLETT","PUTLER","KT33JH",NA,"F",NA,6
220,"KT33JH_7","a","MCCALL","BETSY","KT33JH",NA,"F",NA,6
221,"KT34DR_12","a","MUHAMMAD-HUS","HUSON","KT34DR",NA,"M",NA,6
222,"KT34DR_28","a","MADISON","WALLCE","KT34DR",NA,"F",NA,6
223,"KT34EU_3","a","CARETR","THEO","KT34EU",NA,"M",NA,6
224,"KT34EU_31","a","GREEN","CHARLIE","KT34EU",NA,"M",NA,6
225,"KT34EU_38","a","JAMES","FRANCESCA","KT34EU",NA,"F",NA,6
226,"KT34EU_4","a","JAMES","FLORENCE","KT34EU",NA,"F",NA,6
227,"KT34EU_51","a","THEA","COOKE","KT34EU",NA,"F",NA,6
228,"KT34EU_8","a","H","CHAPMAN","KT34EU",NA,"M",NA,6
229,"KT34EU_58","a","CAMERON","HUDSON","KT34EU",NA,"M",NA,6
230,"KT48DE_13","a","ALLEN","KEIRA","KT48DE",NA,"F",NA,6
231,"KT48DE_5","a","GEORGE","MCCALL","KT48DE",NA,"M",NA,6
232,"KT65BD_16","a","ATHERTON","GEORGE","KT65BD",NA,"M",NA,6
233,"KT65BD_4","a","CALLUM","HENDERSON","KT65BD",NA,"M",NA,6
234,"KT65BD_50","a","HARRISON","RILEY","KT65BD",NA,"M",NA,6
235,"KT92NE_18","a","LENA","TUCKER","KT92NE",NA,"F",NA,6
236,"KT92NE_33","a","BTLER","UMAR","KT92NE",NA,"M",NA,6
237,"KT92NE_8","a","LENA","EVAS","KT92NE",NA,"F",NA,6
238,"KT26RY_26","a","E","ROBINSON",NA,NA,"M",NA,6
239,"KT34DR_19","a","THEOFILOS","HENDERSON",NA,NA,"M",NA,6
240,"KT26LH_24","a","DYLAN","ROBINSON","KT26LH",NA,NA,NA,6
241,"KT26LH_49","a","HOPE","THOMSON","KT26LH",NA,"F",NA,6
242,"KT26RY_5","a","LENA","ROBINSON","KT26RY",NA,NA,NA,6
243,"KT34EU_28","a","ESME","HUDSON","KT34EU",NA,NA,NA,6
244,"KT65BD_30","a","CAMERON","BOOH","KT65BD",NA,NA,NA,6
245,"KT92NE_12","a","MADDISON","EVANS","KT92NE",NA,"F",NA,6
246,"KT26RY_52","a","ESME","CARTER","KT26RY",NA,NA,NA,6
247,"KT12SF_17","a","SCARLETT","CARTER","KT12SF",NA,"F",NA,6
248,"KT12SF_28","a","EMLIIA","GREEN","KT12SF",NA,"F",NA,6
249,"KT12SF_9","a","LIZZY","BELL","KT12SF",NA,"F",NA,6
250,"KT26LH_13","a","DARCY","HUDSON","KT26LH",NA,"F",NA,6
251,"KT26LH_17","a","RILEY","TUCKER","KT26LH",NA,"M",NA,6
252,"KT26LH_23","a","KIMBELREY","BELL","KT26LH",NA,"F",NA,6
253,"KT26LH_33","a","ALEXA","TUCKER","KT26LH",NA,"F",NA,6
254,"KT26LH_40","a","LUCAS","RICHARDS","KT26LH",NA,"M",NA,6
255,"KT26LH_47","a","CAMERON","HUDSON","KT26LH",NA,"M",NA,6
256,"KT26LH_51","a","ESME","ROBINSON","KT26LH",NA,"F",NA,6
257,"KT26RY_39","a","HALLE","THOMSON","KT26RY",NA,"F",NA,6
258,"KT26RY_44","a","MATTHW","BELL","KT26RY",NA,"M",NA,6
259,"KT26RY_47","a","THEO","MURRAY","KT26RY",NA,"M",NA,6
260,"KT27BS_17","a","THEA","TUCKER","KT27BS",NA,"F",NA,6
261,"KT27BS_19","a",NA,"COOKE","KT27BS",NA,"F",NA,6
262,"KT27BS_30","a","JESSICA","HAMER","KT27BS",NA,"F",NA,6
263,"KT27BS_38","a",NA,"BOOTH","KT27BS",NA,"F",NA,6
264,"KT27BS_48","a","CHALRIE","EVANS","KT27BS",NA,"M",NA,6
265,"KT33JH_28","a","FLORENEC","HARRISON","KT33JH",NA,"F",NA,6
266,"KT33JH_34","a","KIMBERLEY","HUDSON","KT33JH",NA,"F",NA,6
267,"KT33JH_35","a","LNEA","GREEN","KT33JH",NA,"F",NA,6
268,"KT33JH_41","a","THEOFILOS","MCCALL","KT33JH",NA,"M",NA,6
269,"KT33JH_51","a","GEORG","ALLEN","KT33JH",NA,"M",NA,6
270,"KT34DR_10","a","AMAYA","ROBINSON","KT34DR",NA,"F",NA,6
271,"KT34DR_16","a","HOLLY","JAMES","KT34DR",NA,"F",NA,6
272,"KT34DR_20","a","DARCY","HUDSON","KT34DR",NA,"F",NA,6
273,"KT34DR_8","a","GEORGE","COOKE","KT34DR",NA,"M",NA,6
274,"KT34DR_9","a","KEIRA","MAY","KT34DR",NA,"F",NA,6
275,"KT48DE_12","a","RBY","ATHERTON","KT48DE",NA,"F",NA,6
276,"KT48DE_35","a","THEO","ROBINSON","KT48DE",NA,"M",NA,6
277,"KT48DE_7","a",NA,"ATHERTON","KT48DE",NA,"M",NA,6
278,"KT65BD_20","a","MOAHMMAD","BUTLER","KT65BD",NA,"M",NA,6
279,"KT65BD_28","a","AMALIE","EVANS","KT65BD",NA,"F",NA,6
280,"KT65BD_41","a",NA,"HUDSON","KT65BD",NA,"M",NA,6
281,"KT65BD_6","a","RUBEN","HENDERSON","KT65BD",NA,"M",NA,6
282,"KT92NE_13","a","HLLIE","BOOTH","KT92NE",NA,"F",NA,6
283,"KT92NE_19","a","ESME","HOPKINS","KT92NE",NA,"F",NA,6
284,"KT92NE_20","a","B","CARTER","KT92NE",NA,"F",NA,6
285,"KT12SF_36","a","MADDISON","CHPMAN",NA,NA,"F",NA,6
286,"KT92NE_38","a","ESME","BUTLER","KT92NE",NA,"F",NA,6
287,"KT48DE_3","a","HARRISON","MCCALL","KT48DE",NA,"M",NA,6
288,"KT26RY_1","a","MOHAMMAD","DONNELLY","KT26RY",NA,"M",NA,6
289,"KT26RY_31","a","HARRISON","CARTER","KT26RY",NA,"M",NA,6
290,"KT12SF_3","a","HOPE","ALLEN","KT12SF",NA,"F",NA,6
291,"KT12SF_34","a","MOHAMMAD","COLLINS","KT12SF",NA,"M",NA,6
292,"KT12SF_8","a","BETSY","ALLEN","KT12SF",NA,NA,NA,6
293,"KT26LH_30","a","NAOMI","KARTER","KT26LH",NA,NA,NA,6
294,"KT26RY_14","a","DYLAN","ROBINSON","KT26RY",NA,NA,NA,6
295,"KT26RY_55","a","MAISIE","CHAPMAN","KT26RY",NA,NA,NA,6
296,"KT34DR_17","a","MADDISON","BELL","KT34DR",NA,"F",NA,6
297,"KT34EU_14","a","KEIRA","BUTLER","KT34EU",NA,"F",NA,6
298,"KT34EU_33","a","CALLIE","BOOTH","KT34EU",NA,NA,NA,6
299,"KT34EU_37","a","CALLIE","GREEN","KT34EU",NA,"F",NA,6
300,"KT34EU_47","a","DYLAN","EVANS","KT34EU",NA,NA,NA,6
301,"KT34EU_57","a","KEIRA","HART","KT34EU",NA,"F",NA,6
302,"KT34EU_6","a","GEORGE","MURRAY","KT34EU",NA,NA,NA,6
303,"KT48DE_20","a","NAOMI","COLLINS","KT48DE",NA,"F",NA,6
304,"KT48DE_39","a","HOLLIE","COLLINS","KT48DE",NA,NA,NA,6
305,"KT65BD_23","a","PAUL","ROBINSON","KT65BD",NA,NA,NA,6
306,"KT65BD_39","a","MADDISON","SLATER","KT65BD",NA,"F",NA,6
307,"KT92NE_9","a","LYLA","ROBINSON","KT92NE",NA,NA,NA,6
308,"KT12SF_11","a","JESSICA","BUTLER","KT12SF",NA,"F",NA,6
309,"KT12SF_19","a","GEORGE","JAMES","KT12SF",NA,"M",NA,6
310,"KT12SF_20","a","LENA","COLLINGS","KT12SF",NA,"F",NA,6
311,"KT12SF_30","a","DYLAN","ROBINSONS","KT12SF",NA,"M",NA,6
312,"KT12SF_32","a","ESME","RICHARDS","KT12SF",NA,"F",NA,6
313,"KT26LH_19","a","FLORENCE","ROBINSON","KT26LH",NA,"F",NA,6
314,"KT26LH_29","a","TOMMY",NA,"KT26LH",NA,"M",NA,6
315,"KT26LH_4","a","HARRISON","HENDERSON","KT26LH",NA,"M",NA,6
316,"KT26LH_42","a","MAISIE","BRENAN","KT26LH",NA,"F",NA,6
317,"KT26LH_53","a","HOPE","EANS","KT26LH",NA,"F",NA,6
318,"KT26RY_23","a","THEA",NA,"KT26RY",NA,"F",NA,6
319,"KT26RY_30","a","CALLUM","CRATER","KT26RY",NA,"M",NA,6
320,"KT26RY_34","a","YUSUF","JAMS","KT26RY",NA,"M",NA,6
321,"KT26RY_51","a","MADDISON","HAMER","KT26RY",NA,"F",NA,6
322,"KT26RY_7","a","JESSICA","LOPEZ","KT26RY",NA,"F",NA,6
323,"KT26RY_9","a","CARTER","CALLIE","KT26RY",NA,"F",NA,6
324,"KT27BS_16","a","LENA","HAMMER","KT27BS",NA,"F",NA,6
325,"KT27BS_27","a","CALLUM","KRTER","KT27BS",NA,"M",NA,6
326,"KT27BS_32","a","FLORENCE","CRATER","KT27BS",NA,"F",NA,6
327,"KT33JH_14","a",NA,"ROBISNON","KT33JH",NA,"M",NA,6
328,"KT33JH_20","a","MUHAMMAD","COLLINS","KT33JH",NA,"M",NA,6
329,"KT33JH_30","a","DYLAN","HUSDON","KT33JH",NA,"M",NA,6
330,"KT33JH_38","a","RUBEN","CATER","KT33JH",NA,"M",NA,6
331,"KT33JH_50","a","ESME","CAHPMAN","KT33JH",NA,"F",NA,6
332,"KT33JH_52","a","FRANCESCA","EVANS","KT33JH",NA,"F",NA,6
333,"KT33JH_55","a","EMILIA","THOMSO","KT33JH",NA,"F",NA,6
334,"KT33JH_57","a","JESSICA","DONNELLY","KT33JH",NA,"F",NA,6
335,"KT34DR_5","a","DYLAN","DUCKER","KT34DR",NA,"M",NA,6
336,"KT34EU_22","a","MAGGIE",NA,"KT34EU",NA,"F",NA,6
337,"KT34EU_39","a","LENA","JAMESON","KT34EU",NA,"F",NA,6
338,"KT48DE_19","a","HOLLIE","ROIBNSON","KT48DE",NA,"F",NA,6
339,"KT48DE_36","a","GEORGE","ROBINSONS","KT48DE",NA,"M",NA,6
340,"KT48DE_42","a","THEO","COLLINS","KT48DE",NA,"M",NA,6
341,"KT65BD_13","a","CALEB","JAMES","KT65BD",NA,"M",NA,6
342,"KT65BD_35","a","ESME","HUDSON","KT65BD",NA,"F",NA,6
343,"KT92NE_1","a","DYLAN","ALLEN","KT92NE",NA,"M",NA,6
344,"KT92NE_30","a","RUBY","TUCEKR","KT92NE",NA,"F",NA,6
345,"KT12SF_10","a","SCARLETT","EVANS","KT12SF",NA,"F",NA,6
346,"KT12SF_39","a","NAOMI","HART",NA,NA,"F",NA,6
347,"KT26LH_28","a","FRANKIE","HUDSON",NA,NA,"M",NA,6
348,"KT26RY_32","a","CHARLIE","BOOTH",NA,NA,"M",NA,6
349,"KT27BS_7","a","ELLA-MAE","CARTER",NA,NA,"F",NA,6
350,"KT27BS_8","a","SCARLET","BOOTH","KT48DE",NA,"F",NA,6
351,"KT33JH_13","a","DARCY","LOPEZ","KT26LH",NA,"F",NA,6
352,"KT33JH_29","a","JAY","BELL","KT33JH",NA,"M",NA,6
353,"KT33JH_44","a","HALLIE","HUDSON",NA,NA,"F",NA,6
354,"KT33JH_9","a","DYLAN","THOMSON","KT33JH",NA,"M",NA,6
355,"KT34DR_23","a","KEIRA","HARRISON",NA,NA,"F",NA,6
356,"KT34DR_24","a","RILEY","SLATER","KT34DR",NA,"M",NA,6
357,"KT34DR_36","a","LYLA","BUTLER",NA,NA,"F",NA,6
358,"KT34EU_41","a","KEIRA","CHAPMAN","KT34EU",NA,"F",NA,6
359,"KT34EU_59","a","CALEB","CARTER","KT26LH",NA,"M",NA,6
360,"KT48DE_41","a","THEA","BELL",NA,NA,"F",NA,6
361,"KT65BD_1","a","HAYDEN","HUDSON",NA,NA,"M",NA,6
362,"KT65BD_10","a","YUSUF","TUCKER","KT65BD",NA,"M",NA,6
363,"KT12SF_1","a","AMAYA","LOPEZ","KT12SF",NA,"F",NA,6
364,"KT12SF_14","a","FLORENCE","EVANS","KT12SF",NA,"F",NA,6
365,"KT12SF_18","a","MAXWELL","GREEN","KT12SF",NA,"M",NA,6
366,"KT12SF_26","a","SCARLETT","THOMSON","KT12SF",NA,"F",NA,6
367,"KT12SF_33","a","SCARLET","GREEN","KT12SF",NA,"F",NA,6
368,"KT12SF_35","a","DARCY","THOMSON","KT12SF",NA,"F",NA,6
369,"KT12SF_38","a","RUBEN","BOOTH","KT12SF",NA,"M",NA,6
370,"KT12SF_4","a","LENA","CHAPMAN","KT12SF",NA,"F",NA,6
371,"KT12SF_42","a","ELLA-MAE","HAMER","KT12SF",NA,"F",NA,6
372,"KT12SF_44","a","MADDISON","BOOTH","KT12SF",NA,"F",NA,6
373,"KT26LH_16","a","FLORENCE","BELL","KT26LH",NA,"F",NA,6
374,"KT26LH_18","a","DARCY","HAMER","KT26LH",NA,"F",NA,6
375,"KT26LH_21","a","RUBY","BUTLER","KT26LH",NA,"F",NA,6
376,"KT26LH_22","a","MAGGIE","GREEN","KT26LH",NA,"F",NA,6
377,"KT26LH_35","a","GEORGE","THOMSON","KT26LH",NA,"M",NA,6
378,"KT26LH_36","a","MOHAMMAD","JAMES","KT26LH",NA,"M",NA,6
379,"KT26LH_46","a","CHARLIE","ROBINSON","KT26LH",NA,"M",NA,6
380,"KT26RY_16","a","TOMMY","GREEN","KT26RY",NA,"M",NA,6
381,"KT26RY_17","a","ZARA","CARTER","KT26RY",NA,"F",NA,6
382,"KT26RY_2","a","ESME","THOMSON","KT26RY",NA,"F",NA,6
383,"KT26RY_38","a","MADDISON","MAY","KT26RY",NA,"F",NA,6
384,"KT26RY_49","a","DAISY","GREEN","KT26RY",NA,"F",NA,6
385,"KT26RY_50","a","THEO","BRENNAN","KT26RY",NA,"M",NA,6
386,"KT27BS_21","a","ABIGAIL","BUTLER","KT27BS",NA,"F",NA,6
387,"KT27BS_25","a","MAXWELL","TUCKER","KT27BS",NA,"M",NA,6
388,"KT27BS_26","a","TOMAS","JAMES","KT27BS",NA,"M",NA,6
389,"KT27BS_51","a","AMAYA","CHAPMAN","KT27BS",NA,"F",NA,6
390,"KT27BS_58","a","THEA","ROBINSON","KT27BS",NA,"F",NA,6
391,"KT27BS_6","a","DAISY","HART","KT27BS",NA,"F",NA,6
392,"KT33JH_1","a","JESSICA","BELL","KT33JH",NA,"F",NA,6
393,"KT33JH_10","a","ROBERT","WALLACE","KT33JH",NA,"M",NA,6
394,"KT33JH_17","a","TOMAS","HUDSON","KT33JH",NA,"M",NA,6
395,"KT33JH_27","a","CALLUM","BOOTH","KT33JH",NA,"M",NA,6
396,"KT33JH_33","a","LUCAS","BOOTH","KT33JH",NA,"M",NA,6
397,"KT33JH_36","a","SCARLET","LOPEZ","KT33JH",NA,"F",NA,6
398,"KT33JH_42","a","LUCAS","MCCALL","KT33JH",NA,"M",NA,6
399,"KT33JH_43","a","LUCAS","HARRISON","KT33JH",NA,"M",NA,6
400,"KT34DR_11","a","HOPE","CARTER","KT34DR",NA,"F",NA,6
401,"KT34DR_13","a","ROBERT","HOPKINS","KT34DR",NA,"M",NA,6
402,"KT34DR_25","a","HARRISON","ALLEN","KT34DR",NA,"M",NA,6
403,"KT34DR_31","a","HOLLIE","MCCALL","KT34DR",NA,"F",NA,6
404,"KT34DR_32","a","DAISY","CHAPMAN","KT34DR",NA,"F",NA,6
405,"KT34DR_33","a","LUCAS","BUTLER","KT34DR",NA,"M",NA,6
406,"KT34DR_4","a","HALLE","EVANS","KT34DR",NA,"F",NA,6
407,"KT34EU_1","a","ALEXA","DONNELLY","KT34EU",NA,"F",NA,6
408,"KT34EU_11","a","G","CHAPMAN","KT34EU",NA,"M",NA,6
409,"KT34EU_12","a","KEIRA","HUDSON","KT34EU",NA,"F",NA,6
410,"KT34EU_16","a","CHARLIE","HUDSON","KT34EU",NA,"M",NA,6
411,"KT34EU_17","a","ARABELLA","HOPKINS","KT34EU",NA,"F",NA,6
412,"KT34EU_21","a","CALLIE","CARTER","KT34EU",NA,"F",NA,6
413,"KT34EU_32","a","KEIRA","WALLACE","KT34EU",NA,"F",NA,6
414,"KT34EU_36","a","MUHAMMAD","HENDERSON","KT34EU",NA,"M",NA,6
415,"KT34EU_9","a","LUCIE","DONNELLY","KT34EU",NA,"F",NA,6
416,"KT48DE_2","a","NAOMI","HUDSON","KT48DE",NA,"F",NA,6
417,"KT48DE_21","a","GEORGE","BELL","KT48DE",NA,"M",NA,6
418,"KT48DE_27","a","LYLA","GREEN","KT48DE",NA,"F",NA,6
419,"KT48DE_29","a","YUSUF","ALLEN","KT48DE",NA,"M",NA,6
420,"KT48DE_34","a","RUBEN","HAMER","KT48DE",NA,"M",NA,6
421,"KT48DE_4","a","JAY","HAMER","KT48DE",NA,"M",NA,6
422,"KT48DE_6","a","CHARLIE","CARTER","KT48DE",NA,"M",NA,6
423,"KT48DE_9","a","GEORGE","HARRISON","KT48DE",NA,"M",NA,6
424,"KT65BD_12","a","LYLA","CARTER","KT65BD",NA,"F",NA,6
425,"KT65BD_17","a","HEIDI","ALLEN","KT65BD",NA,"F",NA,6
426,"KT65BD_18","a","RILEY","LOPEZ","KT65BD",NA,"M",NA,6
427,"KT65BD_22","a","LEIGHTON","HUDSON","KT65BD",NA,"M",NA,6
428,"KT65BD_25","a","YUSUF","DONNELLY","KT65BD",NA,"M",NA,6
429,"KT65BD_26","a","BETSY","ROBINSON","KT65BD",NA,"F",NA,6
430,"KT65BD_3","a","HOLLIE","CHAPMAN","KT65BD",NA,"F",NA,6
431,"KT65BD_40","a","THEA","GREEN","KT65BD",NA,"F",NA,6
432,"KT65BD_42","a","DAISY","ATHERTON","KT65BD",NA,"F",NA,6
433,"KT65BD_43","a","GEORGE","EVANS","KT65BD",NA,"M",NA,6
434,"KT92NE_24","a","MAXWELL","EVANS","KT92NE",NA,"M",NA,6
435,"KT92NE_28","a","HALLE","MURRAY","KT92NE",NA,"F",NA,6
436,"KT92NE_3","a","KEIRA","GREEN","KT92NE",NA,"F",NA,6
437,"KT92NE_35","a","HARRISON","GREEN","KT92NE",NA,"M",NA,6
438,"KT92NE_6","a","GEORGE","BOOTH","KT92NE",NA,"M",NA,6
439,"KT12SF_11","b","JESSICA",NA,NA,"KT12SF",NA,"F",6
440,"KT12SF_13","b","EVAN","HAMER",NA,"KT12SF",NA,"M",6
441,"KT12SF_24","b","MUHAMMAD","CARTER",NA,"KT12SF",NA,"M",6
442,"KT12SF_38","b","RUBEN","BOOTH",NA,"KT12SF",NA,"M",6
443,"KT12SF_39","b","NAOMI","HART",NA,"KT12SF",NA,"F",6
444,"KT12SF_45","b","MUHAMMAD","CARTER",NA,"KT12SF",NA,"M",6
445,"KT12SF_5","b","KEIRA","BOOTH",NA,NA,NA,"F",6
446,"KT12SF_7","b","HARRISON","HUDSON",NA,"KT12SF",NA,"M",6
447,"KT26LH_12","b","KEIRA","EVANS",NA,"KT26LH",NA,"F",6
448,"KT26LH_14","b","DAISY","CARTER",NA,"KT26LH",NA,"F",6
449,"KT26LH_3","b",NA,"CARTER",NA,"KT26LH",NA,"F",6
450,"KT26LH_32","b","SCARLETT","ROBINSON",NA,"KT26LH",NA,"F",6
451,"KT26LH_44","b","DAISY","CARTER",NA,"KT26LH",NA,"F",6
452,"KT26LH_50","b","HALLE","GREEN",NA,"KT26LH",NA,"F",6
453,"KT26LH_53","b","HOPE","EVANS",NA,"KT26LH",NA,"F",6
454,"KT26LH_6","b","ELOISE","TUCKER",NA,"KT26LH",NA,"F",6
455,"KT26RY_10","b","THEO","HUDSON",NA,"KT26RY",NA,"M",6
456,"KT26RY_13","b","LYLA","HENDERSON",NA,"KT26RY",NA,"F",6
457,"KT26RY_18","b","TOMMY","CARTER",NA,"KT26RY",NA,"M",6
458,"KT26RY_21","b","THEO","HAMER",NA,"KT26RY",NA,"M",6
459,"KT26RY_23","b","THEA","HUDSON",NA,"KT26RY",NA,"F",6
460,"KT26RY_24","b","LENA","HUDSON",NA,"KT26RY",NA,"F",6
461,"KT26RY_29","b","HARRISON","HARRISON",NA,"KT26RY",NA,"M",6
462,"KT26RY_42","b","KEIRA","EVANS",NA,"KT26RY",NA,"F",6
463,"KT26RY_45","b","HARRISON","HARRISON",NA,"KT26RY",NA,"M",6
464,"KT26RY_7","b","JESSICA",NA,NA,"KT26RY",NA,"F",6
465,"KT26RY_8","b","LENA","HAMER",NA,NA,NA,"F",6
466,"KT27BS_14","b","ALEXA","HUDSON",NA,"KT27BS",NA,"F",6
467,"KT27BS_16","b","LENA","HAMER",NA,"KT27BS",NA,"F",6
468,"KT27BS_18","b","LUCAS","CARTER",NA,"KT27BS",NA,"M",6
469,"KT27BS_27","b","CALLUM","CARTER",NA,"KT27BS",NA,"M",6
470,"KT27BS_29","b","THEODORE","CARTER",NA,"KT27BS",NA,"M",6
471,"KT27BS_34","b","LUCAS","CARTER",NA,NA,NA,"M",6
472,"KT27BS_35","b","MAISIE","CARTER",NA,"KT27BS",NA,"F",6
473,"KT27BS_39","b","HARRISON","HUDSON",NA,"KT27BS",NA,"M",6
474,"KT27BS_4","b","DAISY","ROBINSON",NA,"KT27BS",NA,"F",6
475,"KT27BS_43","b","LYLA","HENDERSON",NA,"KT27BS",NA,"F",6
476,"KT27BS_45","b","TOMMY","CARTER",NA,"KT27BS",NA,"M",6
477,"KT27BS_47","b","MADDISON","HUDSON",NA,"KT27BS",NA,"F",6
478,"KT27BS_5","b","RILEY","HART",NA,"KT27BS",NA,"M",6
479,"KT33JH_21","b","ESME","EVANS",NA,NA,NA,"F",6
480,"KT33JH_24","b","REECE","THOMSON",NA,"KT33JH",NA,"M",6
481,"KT33JH_25","b","DAISY","HUDSON",NA,"KT33JH",NA,"F",6
482,"KT33JH_26","b","ELOISE","HUDSON",NA,"KT33JH",NA,"F",6
483,"KT33JH_4","b","HALLIE","CARTER",NA,"KT33JH",NA,"F",6
484,"KT33JH_45","b","LIAM","THOMSON",NA,NA,NA,"M",6
485,"KT33JH_46","b","MUHAMMAD","BOOTH",NA,"KT33JH",NA,"M",6
486,"KT34DR_12","b","MOHAMMAD","HUDSON",NA,"KT34DR",NA,"M",6
487,"KT34DR_15","b","TOMMY","CARTER",NA,"KT34DR",NA,"M",6
488,"KT34DR_2","b","HARRISON","HARRISON",NA,"KT34DR",NA,"M",6
489,"KT34DR_21","b","HARRISON","HART",NA,"KT34DR",NA,"M",6
490,"KT34DR_26","b","KYE","BOOTH",NA,"KT34DR",NA,"M",6
491,"KT34DR_27","b","RAYAN","CARTER",NA,"KT48DE",NA,"M",6
492,"KT34DR_29","b","HARRISON","MURRAY",NA,"KT34DR",NA,"M",6
493,"KT34DR_31","b","HOLLIE","MCCALL",NA,"KT34DR",NA,"F",6
494,"KT34DR_35","b","DAISY","CARTER",NA,"KT34DR",NA,"F",6
495,"KT34DR_7","b","THEO","CARTER",NA,"KT34DR",NA,"M",6
496,"KT34EU_10","b","MUHAMMAD","BOOTH",NA,"KT34EU",NA,"M",6
497,"KT34EU_12","b","KEIRA","HUDSON",NA,"KT34EU",NA,"F",6
498,"KT34EU_19","b",NA,"CARTER",NA,"KT34EU",NA,"M",6
499,"KT34EU_24","b","SCARLETT","MAY",NA,NA,NA,"F",6
500,"KT34EU_25","b","AMAYA","EVANS",NA,"KT34EU",NA,"F",6
501,"KT34EU_3","b","THEO","CARTER",NA,"KT34EU",NA,"M",6
502,"KT34EU_30","b","CALLUM","CARTER",NA,"KT34EU",NA,"M",6
503,"KT34EU_35","b","MAISIE","CARTER",NA,"KT34EU",NA,"F",6
504,"KT34EU_40","b","LENA","HUDSON",NA,"KT34EU",NA,"F",6
505,"KT34EU_42","b","ELOISE","TUCKER",NA,"KT34EU",NA,"F",6
506,"KT34EU_43","b","MUHAMMAD","BOOTH",NA,"KT34EU",NA,"M",6
507,"KT34EU_44","b","ARABELLA","HUDSON",NA,"KT34EU",NA,"F",6
508,"KT34EU_47","b","DYLAN","EVANS",NA,"KT34EU",NA,"M",6
509,"KT34EU_48","b","HARRISON","EVANS",NA,"KT34EU",NA,"M",6
510,"KT34EU_49","b","MUHAMMAD","COOKE",NA,"KT34EU",NA,"M",6
511,"KT34EU_7","b","ALEXA","EVANS",NA,"KT34EU",NA,"F",6
512,"KT48DE_13","b","KEIRA","ALLEN",NA,"KT48DE",NA,"F",6
513,"KT48DE_16","b","MUHAMMAD","CARTER",NA,"KT48DE",NA,"M",6
514,"KT48DE_23","b","LENA","HAMER",NA,"KT48DE",NA,"F",6
515,"KT48DE_30","b","AMAYA","EVANS",NA,"KT48DE",NA,"F",6
516,"KT48DE_32","b","MOLLY","BELL",NA,"KT48DE",NA,"F",6
517,"KT48DE_33","b","DAISY","CARTER",NA,"KT48DE",NA,"F",6
518,"KT48DE_36","b","GEORGE","ROBINSON",NA,"KT48DE",NA,"M",6
519,"KT48DE_37","b","SCARLETT","BELL",NA,"KT48DE",NA,"F",6
520,"KT48DE_44","b","DAISY","ROBINSON",NA,"KT48DE",NA,"F",6
521,"KT48DE_45","b","SCARLETT","ROBINSON",NA,"KT48DE",NA,"F",6
522,"KT48DE_47","b","RILEY","CARTER",NA,"KT48DE",NA,"M",6
523,"KT48DE_6","b","CHARLIE","CARTER",NA,"KT48DE",NA,"M",6
524,"KT48DE_7","b","CHARLIE","ATHERTON",NA,"KT48DE",NA,"M",6
525,"KT48DE_8","b","CALLUM","ATHERTON",NA,"KT48DE",NA,"M",6
526,"KT65BD_11","b","THEO","CARTER",NA,"KT65BD",NA,"M",6
527,"KT65BD_12","b","LYLA","CARTER",NA,"KT65BD",NA,"F",6
528,"KT65BD_16","b","GEORGE","ATHERTON",NA,"KT65BD",NA,"M",6
529,"KT65BD_2","b","SCARLETT","BELL",NA,"KT65BD",NA,"F",6
530,"KT65BD_23","b","PAUL","ROBINSON",NA,"KT65BD",NA,"M",6
531,"KT65BD_24","b","ELOISE","HUDSON",NA,"KT65BD",NA,"F",6
532,"KT65BD_32","b","RILEY","CARTER",NA,"KT65BD",NA,"M",6
533,"KT65BD_43","b","GEORGE","EVANS",NA,"KT65BD",NA,"M",6
534,"KT65BD_49","b","ALEXA","HUDSON",NA,"KT65BD",NA,"F",6
535,"KT65BD_51","b","THEODORE","CARTER",NA,"KT65BD",NA,"M",6
536,"KT92NE_14","b","HALLE","GREEN",NA,"KT92NE",NA,"F",6
537,"KT92NE_17","b","CALLIE","MURRAY",NA,"KT92NE",NA,"F",6
538,"KT92NE_20","b","BETSY","CARTER",NA,"KT92NE",NA,"F",6
539,"KT92NE_26","b","HARRISON","HART",NA,NA,NA,"M",6
540,"KT92NE_27","b","JESSICA","CARTER",NA,"KT92NE",NA,"F",6
541,"KT92NE_31","b","CALLUM","ATHERTON",NA,"KT92NE",NA,"M",6
542,"KT92NE_34","b","ARABELLA","HUDSON",NA,"KT92NE",NA,"F",6
543,"KT92NE_36","b","MUHAMMAD","CARTER",NA,"KT92NE",NA,"M",6
544,"KT12SF_43","b","MATTHEW","MAY",NA,"KT12SF",NA,"M",6
545,"KT12SF_6","b","BETSY","CARTER",NA,"KT12SF",NA,"F",6
546,"KT26LH_2","b","LENA","CARTER",NA,"KT26LH",NA,"F",6
547,"KT26LH_25","b","LUCAS","HUDSON",NA,"KT26LH",NA,"M",6
548,"KT26LH_31","b","LENA","CARTER",NA,"KT26LH",NA,"F",6
549,"KT26LH_4","b","HARRISON",NA,NA,"KT26LH",NA,"M",6
550,"KT26RY_11","b","BETSY","BOOTH",NA,"KT26RY",NA,"F",6
551,"KT26RY_15","b","CALLUM","CARTER",NA,"KT26RY",NA,"M",6
552,"KT26RY_28","b","MOHAMMAD","COOKE",NA,NA,NA,"M",6
553,"KT26RY_30","b","CALLUM","CARTER",NA,"KT26RY",NA,"M",6
554,"KT26RY_41","b","THEA","MAY",NA,"KT26RY",NA,"F",6
555,"KT27BS_11","b","RUBEN","CHAPMAN",NA,"KT27BS",NA,"M",6
556,"KT27BS_15","b","JESSICA","CHAPMAN",NA,"KT27BS",NA,"F",6
557,"KT27BS_23","b","CHARLIE","HART",NA,"KT27BS",NA,"M",6
558,"KT27BS_24","b","TOMMY","ROBINSON",NA,"KT27BS",NA,"M",6
559,"KT27BS_36","b","ELLA-MAE","EVANS",NA,"KT27BS",NA,"F",6
560,"KT27BS_37","b","CHARLIE","DONNELLY",NA,"KT27BS",NA,"M",6
561,"KT27BS_38","b","DAISY","BOOTH",NA,"KT27BS",NA,"F",6
562,"KT27BS_42","b","JESSICA","ATHERTON",NA,"KT27BS",NA,"F",6
563,"KT33JH_15","b","MUHAMMAD","ROBINSON",NA,"KT33JH",NA,"M",6
564,"KT33JH_19","b","HARRISON","MURRAY",NA,"KT33JH",NA,"M",6
565,"KT33JH_23","b","MUHAMMAD","WALLACE",NA,"KT33JH",NA,"M",6
566,"KT33JH_31","b","PAUL","ROBINSON",NA,"KT33JH",NA,"M",6
567,"KT33JH_8","b","HAYDEN","HARRISON",NA,"KT33JH",NA,"M",6
568,"KT34DR_18","b","THEA","RICHARDS",NA,"KT34DR",NA,"F",6
569,"KT34DR_22","b","HOPE","BOOTH",NA,"KT34DR",NA,"F",6
570,"KT34DR_6","b","HALLIE","CARTER",NA,"KT34DR",NA,"F",6
571,"KT34EU_29","b","KEIRA","BOOTH",NA,"KT34EU",NA,"F",6
572,"KT34EU_34","b","RILEY","GREEN",NA,"KT34EU",NA,"M",6
573,"KT34EU_52","b","SCARLETT","COLLINS",NA,"KT34EU",NA,"F",6
574,"KT48DE_15","b","RUBY","BOOTH",NA,"KT48DE",NA,"F",6
575,"KT48DE_17","b","CALLUM","HUDSON",NA,"KT48DE",NA,"M",6
576,"KT48DE_40","b","HALLE","ATHERTON",NA,"KT48DE",NA,"F",6
577,"KT48DE_46","b","RILEY","BOOTH",NA,"KT48DE",NA,"M",6
578,"KT65BD_27","b","CHARLIE","ATHERTON",NA,"KT65BD",NA,"M",6
579,"KT65BD_29","b","EVAN","BELL",NA,"KT65BD",NA,"M",6
580,"KT65BD_47","b","CAMERON","GREEN",NA,"KT65BD",NA,"M",6
581,"KT65BD_5","b","LENA","ALLEN",NA,"KT65BD",NA,"F",6
582,"KT65BD_9","b","CHARLIE","BUTLER",NA,"KT65BD",NA,NA,6
583,"KT92NE_10","b","AMELIE","ROBINSON",NA,"KT92NE",NA,"F",6
584,"KT92NE_15","b","CALLUM","ROBINSON",NA,"KT92NE",NA,"M",6
585,"KT92NE_37","b","JESSICA","WALLACE",NA,"KT92NE",NA,"F",6
586,"KT12SF_41","b","M","BELLANY",NA,"KT12SF",NA,NA,6
587,"KT26LH_10","b","HAMER","FRANCESCA",NA,"KT26LH",NA,"F",6
588,"KT26RY_19","b","CAMERON","ROBINSON",NA,"KT26RY",NA,"M",6
589,"KT26RY_4","b","LYLA","HUDSON",NA,"KT26RY",NA,"F",6
590,"KT26RY_40","b","ROWAN","MAY",NA,"KT26RY",NA,NA,6
591,"KT27BS_3","b","MAISIE","HUDSON",NA,"KT27BS",NA,NA,6
592,"KT33JH_2","b","HOPE","CARTER",NA,"KT33JH",NA,NA,6
593,"KT33JH_22","b",NA,"BELL",NA,"KT33JH",NA,NA,6
594,"KT33JH_37","b","FILIP","BELL",NA,"KT33JH",NA,"M",6
595,"KT33JH_47","b","H","CARTER",NA,"KT33JH",NA,"F",6
596,"KT33JH_48","b","CHARLIE","TUCKER",NA,"KT33JH",NA,NA,6
597,"KT34EU_13","b","DAISY","MCCALL",NA,"KT34EU",NA,NA,6
598,"KT34EU_55","b","L","BOOTH",NA,"KT34EU",NA,"M",6
599,"KT34EU_56","b","RILEY","MURRAY",NA,"KT34EU",NA,NA,6
600,"KT48DE_22","b","JYA","MAY",NA,"KT48DE",NA,"M",6
601,"KT65BD_33","b","BETSY","HUDSON",NA,"KT65BD",NA,"F",6
602,"KT65BD_38","b","BEN","CARTER",NA,"KT65BD",NA,"M",6
603,"KT65BD_48","b","HOPE","ROBINSON",NA,"KT65BD",NA,"F",6
604,"KT65BD_7","b","ESME","HAMER",NA,"KT65BD",NA,"F",6
605,"KT65BD_8","b","COLLINS","CAMERON",NA,"KT65BD",NA,"M",6
606,"KT92NE_12","b","MADDISON","EVING",NA,"KT92NE",NA,NA,6
607,"KT92NE_16","b","BELL","YUSUF",NA,"KT92NE",NA,"M",6
608,"KT92NE_2","b","REECE","ROBINSON",NA,"KT92NE",NA,"M",6
609,"KT92NE_22","b","HOPE","BUTLER",NA,"KT92NE",NA,"F",6
610,"KT92NE_23","b","ZAK","CARTER",NA,"KT92NE",NA,"M",6
611,"KT26LH_45","b","DAISY","EVANS",NA,"KT26LH",NA,"F",6
612,"KT27BS_12","b","NAOMI","GREEN",NA,"KT27BS",NA,"F",6
613,"KT27BS_22","b","CALLUM","EVANS",NA,NA,NA,"M",6
614,"KT27BS_40","b","RILEY","EVANS",NA,"KT27BS",NA,"M",6
615,"KT27BS_52","b","RUBEN","HUDSON",NA,"KT27BS",NA,NA,6
616,"KT27BS_57","b","KIMBERLEY",NA,NA,"KT27BS",NA,"F",6
617,"KT34EU_53","b","GEORGE","CARTER",NA,"KT34EU",NA,"M",6
618,"KT48DE_28","b","SCARLETT","BOOTH",NA,"KT27BS",NA,"F",6
619,"KT92NE_25","b","KAYLA","BOOTH",NA,"KT92NE",NA,"F",6
620,"KT26LH_39","b","MAGGIE","ROBINSON",NA,"KT26LH",NA,NA,6
621,"KT27BS_28","b","L","HUDSON",NA,"KT27BS",NA,"M",6
622,"KT27BS_50","b","HARRISON","BELL",NA,"KT27BS",NA,NA,6
623,"KT33JH_5","b","MUHAMMAD-HUS","HARRISON",NA,"KT33JH",NA,"M",6
624,"KT34EU_23","b","ESEM","CHAPMAN",NA,"KT34EU",NA,"F",6
625,"KT48DE_25","b","MUHAMMAD-HUS","CARTER",NA,"KT48DE",NA,NA,6
626,"KT92NE_38","b","ESME","BUTLER",NA,"KT92NE",NA,"F",6
627,"KT12SF_16","b","CARTER","RUBY",NA,"KT12SF",NA,"F",6
628,"KT12SF_17","b","SCARELTT","CARTER",NA,"KT12SF",NA,"F",6
629,"KT12SF_2","b",NA,"EVIN",NA,"KT12SF",NA,"F",6
630,"KT12SF_22","b","EVAN","KARTER",NA,"KT12SF",NA,"M",6
631,"KT12SF_25","b","SCARLTE","CARTER",NA,"KT12SF",NA,"F",6
632,"KT12SF_27","b","HUDSON","MOHAMMAD",NA,"KT12SF",NA,"M",6
633,"KT12SF_37","b","PEGGIE","JAEMS",NA,"KT12SF",NA,"F",6
634,"KT12SF_40","b","LUCAS","HENDERSON",NA,"KT12SF",NA,NA,6
635,"KT26LH_15","b","HOLLIE","BOOTH",NA,"KT26LH",NA,"F",6
636,"KT26LH_34","b","CARTER","MUHAMMAD",NA,"KT26LH",NA,"M",6
637,"KT26LH_5","b","HOLLY","ALLEN",NA,"KT26LH",NA,"F",6
638,"KT26RY_25","b","HARRISON","MAISIE",NA,"KT26RY",NA,"F",6
639,"KT26RY_36","b","RILEY","ROBINSON",NA,"KT26RY",NA,"M",6
640,"KT26RY_43","b","HOLLIE","GREEN",NA,"KT26RY",NA,"F",6
641,"KT26RY_46","b","HAMER","DLYAN",NA,"KT26RY",NA,"M",6
642,"KT26RY_53","b","MADISON","ALLON",NA,"KT26RY",NA,"F",6
643,"KT26RY_6","b","EVANS","MADDISON",NA,"KT26RY",NA,"F",6
644,"KT27BS_10","b",NA,"LOPEZ",NA,"KT27BS",NA,"F",6
645,"KT27BS_13","b",NA,"MCCLL",NA,"KT27BS",NA,"F",6
646,"KT27BS_33","b","ROBERT","COLLINS",NA,"KT27BS",NA,"M",6
647,"KT27BS_46","b","EVANS","GEORGE",NA,"KT27BS",NA,"M",6
648,"KT27BS_49","b","JESSICA","COLLINS",NA,"KT27BS",NA,"F",6
649,"KT27BS_54","b","ESME","HUTSON",NA,"KT27BS",NA,"F",6
650,"KT27BS_55","b","LUCAS","HUTSON",NA,"KT27BS",NA,"M",6
651,"KT27BS_59","b",NA,"COOKE",NA,"KT27BS",NA,"M",6
652,"KT33JH_53","b","SCARLETT","BUTLER",NA,"KT33JH",NA,"F",6
653,"KT33JH_7","b","LIZZY",NA,NA,"KT33JH",NA,"F",6
654,"KT34DR_28","b","MADDISON","WALLACE",NA,"KT34DR",NA,"F",6
655,"KT34EU_15","b","HUTSON","DAISY",NA,"KT34EU",NA,"F",6
656,"KT34EU_31","b","CHARLIE","GREEN",NA,"KT34EU",NA,"M",6
657,"KT34EU_38","b","FRANCESCA","JAMES",NA,"KT34EU",NA,"F",6
658,"KT34EU_4","b","FLORENCE","JAMESON",NA,"KT34EU",NA,"F",6
659,"KT34EU_51","b","THEA","COOKE",NA,"KT34EU",NA,"F",6
660,"KT34EU_58","b","CAMERON","HUTSON",NA,"KT34EU",NA,"M",6
661,"KT34EU_8","b","HAYDEN","CHAPMAN",NA,"KT34EU",NA,"M",6
662,"KT48DE_5","b","MCCALL","GEORGE",NA,"KT48DE",NA,"M",6
663,"KT65BD_4","b","CALULM","HENDERSON",NA,"KT65BD",NA,"M",6
664,"KT65BD_50","b","RILEY","HARRISON",NA,"KT65BD",NA,"M",6
665,"KT92NE_18","b","TUCKER","LENA",NA,"KT92NE",NA,"F",6
666,"KT92NE_33","b","UMAR","BUTLER",NA,"KT92NE",NA,"M",6
667,"KT92NE_8","b","EVANS","LENA",NA,"KT92NE",NA,"F",6
668,"KT26RY_26","b","EVAN","ROBINSON",NA,"KT26RY",NA,"M",6
669,"KT33JH_1","b","JESSICA","BELL",NA,"KT33JH",NA,"F",6
670,"KT34DR_19","b","THEODORE","HENDERSON",NA,"KT34DR",NA,"M",6
671,"KT26LH_24","b","DYLAN",NA,NA,"KT26LH",NA,"M",6
672,"KT26LH_49","b","HOPE","THOMSO",NA,"KT26LH",NA,NA,6
673,"KT26RY_5","b","LENA","RBOINSON",NA,"KT26RY",NA,"F",6
674,"KT34EU_28","b","ESME","HUTSON",NA,"KT34EU",NA,"F",6
675,"KT65BD_30","b","CAMERON","BOOTH",NA,"KT65BD",NA,"M",6
676,"KT26RY_52","b","ESME","CARTER",NA,NA,NA,"F",6
677,"KT12SF_28","b","EMILIA","GREEN",NA,"KT12SF",NA,"F",6
678,"KT12SF_9","b","BETSY","BELL",NA,"KT12SF",NA,"F",6
679,"KT26LH_13","b","DARCIE","HUDSON",NA,"KT26LH",NA,"F",6
680,"KT26LH_17","b","RYLEY","TUCKER",NA,"KT26LH",NA,"M",6
681,"KT26LH_23","b","KIMBERLEY","BELL",NA,"KT26LH",NA,"F",6
682,"KT26LH_33","b","SANDY","TUCKER",NA,"KT26LH",NA,"F",6
683,"KT26LH_40","b",NA,"RICHARDS",NA,"KT26LH",NA,"M",6
684,"KT26LH_41","b","MADISON","HUDSON",NA,"KT26LH",NA,"F",6
685,"KT26LH_47","b","CMAERON","HUDSON",NA,"KT26LH",NA,"M",6
686,"KT26LH_51","b",NA,"ROBINSON",NA,"KT26LH",NA,"F",6
687,"KT26LH_8","b","LEIGHTON","CARTER",NA,"KT26LH",NA,"M",6
688,"KT26LH_9","b","THE","HUDSON",NA,"KT26LH",NA,"F",6
689,"KT26RY_39","b",NA,"THOMSON",NA,"KT26RY",NA,"F",6
690,"KT26RY_44","b","MATTHEW","BELL",NA,"KT26RY",NA,"M",6
691,"KT26RY_47","b","TEHO","MURRAY",NA,"KT26RY",NA,"M",6
692,"KT26RY_48","b","KEY","BOOTH",NA,"KT26RY",NA,"M",6
693,"KT27BS_17","b","THIA","TUCKER",NA,"KT27BS",NA,"F",6
694,"KT27BS_19","b","HOPE","COOKE",NA,"KT27BS",NA,"F",6
695,"KT27BS_30","b","JESISCA","HAMER",NA,"KT27BS",NA,"F",6
696,"KT27BS_48","b","CHARLIE","EVANS",NA,"KT27BS",NA,"M",6
697,"KT27BS_9","b","THEOFILOS","HAMER",NA,"KT27BS",NA,"M",6
698,"KT33JH_12","b","MUHAMMA","COOKE",NA,"KT33JH",NA,"M",6
699,"KT33JH_28","b","FLORENCE","HARRISON",NA,"KT33JH",NA,"F",6
700,"KT33JH_34","b",NA,"HUDSON",NA,"KT33JH",NA,"F",6
701,"KT33JH_35","b","LEN","GREEN",NA,"KT33JH",NA,"F",6
702,"KT33JH_41","b","THEO","MCCALL",NA,"KT33JH",NA,"M",6
703,"KT33JH_51","b","GEORGE","ALLEN",NA,"KT33JH",NA,"M",6
704,"KT34DR_10","b","AAMYA","ROBINSON",NA,"KT34DR",NA,"F",6
705,"KT34DR_16","b","HOLLIE","JAMES",NA,"KT34DR",NA,"F",6
706,"KT34DR_20","b","DARCIE","HUDSON",NA,"KT34DR",NA,"F",6
707,"KT34DR_8","b","GEOREG","COOKE",NA,"KT34DR",NA,"M",6
708,"KT34DR_9","b","KERIA","MAY",NA,"KT34DR",NA,"F",6
709,"KT34EU_46","b","T","CARTER",NA,"KT34EU",NA,"M",6
710,"KT34EU_50","b","M","COOKE",NA,"KT34EU",NA,"M",6
711,"KT48DE_12","b","RUYB","ATHERTON",NA,"KT48DE",NA,"F",6
712,"KT48DE_35","b","THEOFILOS","ROBINSON",NA,"KT48DE",NA,"M",6
713,"KT65BD_20","b","M","BUTLER",NA,"KT65BD",NA,"M",6
714,"KT65BD_28","b","AMELIE","EVANS",NA,"KT65BD",NA,"F",6
715,"KT65BD_41","b","THEODORE","HUDSON",NA,"KT65BD",NA,"M",6
716,"KT65BD_46","b","REUBEN","BOOTH",NA,"KT65BD",NA,"M",6
717,"KT65BD_6","b","REUBEN","HENDERSON",NA,"KT65BD",NA,"M",6
718,"KT92NE_13","b","HOLLIE","BOOTH",NA,"KT92NE",NA,"F",6
719,"KT92NE_19","b","ESMERELDA","HOPKINS",NA,"KT92NE",NA,"F",6
720,"KT12SF_19","b","GEORGE",NA,NA,"KT12SF",NA,"M",6
721,"KT12SF_36","b","MADDISON","CHAPMAN",NA,"KT12SF",NA,"F",6
722,"KT26LH_43","b","ESME","GREEN",NA,"KT26LH",NA,"F",6
723,"KT26RY_31","b","HARRISON","CARTER",NA,"KT26RY",NA,"M",6
724,"KT34EU_41","b","KEIRA","CHAPMAN",NA,NA,NA,"F",6
725,"KT48DE_3","b","HARRISON","MCCALL",NA,"KT48DE",NA,"M",6
726,"KT12SF_34","b","MOHAMMAD","COLLINS",NA,"KT12SF",NA,NA,6
727,"KT12SF_8","b","BETSY","ALLEN",NA,"KT12SF",NA,"F",6
728,"KT26LH_30","b","NAOMI","KARTER",NA,"KT26LH",NA,"F",6
729,"KT26RY_14","b","DYLAN","ROBINSON",NA,"KT26RY",NA,"M",6
730,"KT26RY_55","b","MAISIE","CHAPMAN",NA,"KT26RY",NA,"F",6
731,"KT34DR_1","b","THEO","CARTER",NA,"KT34DR",NA,NA,6
732,"KT34DR_17","b","MADDISON","BELL",NA,"KT34DR",NA,NA,6
733,"KT34EU_14","b","KEIRA","BUTLER",NA,"KT34EU",NA,NA,6
734,"KT34EU_33","b","CALLIE","BOOTH",NA,"KT34EU",NA,"F",6
735,"KT34EU_37","b","CALLIE","GREEN",NA,"KT34EU",NA,NA,6
736,"KT34EU_57","b","KEIRA","HART",NA,"KT34EU",NA,NA,6
737,"KT34EU_6","b","GEORGE","MURRAY",NA,"KT34EU",NA,"M",6
738,"KT48DE_20","b","NAOMI","COLLINS",NA,"KT48DE",NA,NA,6
739,"KT48DE_39","b","HOLLIE","COLLINS",NA,"KT48DE",NA,"F",6
740,"KT48DE_43","b","ESME","EVANS",NA,"KT48DE",NA,NA,6
741,"KT65BD_39","b","MADDISON","SLATER",NA,"KT65BD",NA,NA,6
742,"KT92NE_9","b","LYLA","ROBINSON",NA,"KT92NE",NA,"F",6
743,"KT12SF_20","b","LENA","COLINS",NA,"KT12SF",NA,"F",6
744,"KT12SF_23","b","LYLA","CRTER",NA,"KT12SF",NA,"F",6
745,"KT12SF_30","b","DYLAN","ROBINSON",NA,"KT12SF",NA,"M",6
746,"KT12SF_32","b","ESME","MAY",NA,"KT12SF",NA,"F",6
747,"KT26LH_19","b","FLORENCE","ROBINSONS",NA,"KT26LH",NA,"F",6
748,"KT26LH_27","b","HARRISON","EVAN",NA,"KT26LH",NA,"M",6
749,"KT26LH_29","b","TOMMY","HARRISON",NA,"KT26LH",NA,"M",6
750,"KT26LH_42","b","MAISIE","BRENNAN",NA,"KT26LH",NA,"F",6
751,"KT26RY_34","b","YUSUF","JAMESON",NA,"KT26RY",NA,"M",6
752,"KT26RY_51","b","MADDISON","HAMMER",NA,"KT26RY",NA,"F",6
753,"KT26RY_9","b","CARTER","COLLEEN",NA,"KT26RY",NA,"F",6
754,"KT27BS_32","b","FLORENCE","CARTER",NA,"KT27BS",NA,"F",6
755,"KT33JH_14","b",NA,"ROBINSON",NA,"KT33JH",NA,"M",6
756,"KT33JH_18","b","JESSICA","JAMES",NA,"KT33JH",NA,"F",6
757,"KT33JH_20","b","MUHAMMAD","COLLINGS",NA,"KT33JH",NA,"M",6
758,"KT33JH_30","b","DYLAN","HUDSON",NA,"KT33JH",NA,"M",6
759,"KT33JH_38","b","RUBEN","CARTER",NA,"KT33JH",NA,"M",6
760,"KT33JH_50","b","ESME","CHAPMAN",NA,"KT33JH",NA,"F",6
761,"KT33JH_52","b","FRANCESCA","EAVNS",NA,"KT33JH",NA,"F",6
762,"KT33JH_55","b","EMILIA","THOMSON",NA,"KT33JH",NA,"F",6
763,"KT33JH_57","b","JESSICA","DONENLLY",NA,"KT33JH",NA,"F",6
764,"KT34DR_30","b","UMAR","ROBISON",NA,"KT34DR",NA,"M",6
765,"KT34DR_5","b","DYLAN","TUCKER",NA,"KT34DR",NA,"M",6
766,"KT34EU_22","b","MAGGIE","EVAN",NA,"KT34EU",NA,"F",6
767,"KT34EU_39","b","LENA","JAMES",NA,"KT34EU",NA,"F",6
768,"KT48DE_19","b","HOLLIE","ROBINSON",NA,"KT48DE",NA,"F",6
769,"KT48DE_38","b","RILEY","HRT",NA,"KT48DE",NA,"M",6
770,"KT48DE_42","b","THEO","COLILNS",NA,"KT48DE",NA,"M",6
771,"KT65BD_13","b","CALEB","JAMESON",NA,"KT65BD",NA,"M",6
772,"KT65BD_21","b","DAISY",NA,NA,"KT65BD",NA,"F",6
773,"KT65BD_35","b","ESME","HUDOSN",NA,"KT65BD",NA,"F",6
774,"KT65BD_37","b","LUCAS","CATRER",NA,"KT65BD",NA,"M",6
775,"KT92NE_1","b","DYLAN","ALLON",NA,"KT92NE",NA,"M",6
776,"KT92NE_30","b","RUBY","TUCKER",NA,"KT92NE",NA,"F",6
777,"KT12SF_10","b","SCARLETT","EVANS",NA,NA,NA,"F",6
778,"KT12SF_29","b","GEORGE","ATHERTON",NA,NA,NA,"M",6
779,"KT26LH_28","b","FRANKIE","HUDSON",NA,"KT26LH",NA,"M",6
780,"KT26RY_32","b","CHARLIE","BOOTH",NA,"KT26RY",NA,"M",6
781,"KT27BS_7","b","ELLA-MAE","CARTER",NA,"KT27BS",NA,"F",6
782,"KT27BS_8","b","SCARLET","BOOTH",NA,"KT27BS",NA,"F",6
783,"KT33JH_13","b","DARCY","LOPEZ",NA,"KT33JH",NA,"F",6
784,"KT33JH_29","b","JAY","BELL",NA,NA,NA,"M",6
785,"KT33JH_44","b","HALLIE","HUDSON",NA,"KT33JH",NA,"F",6
786,"KT33JH_9","b","DYLAN","THOMSON",NA,NA,NA,"M",6
787,"KT34DR_23","b","KEIRA","HARRISON",NA,"KT34DR",NA,"F",6
788,"KT34DR_24","b","RILEY","SLATER",NA,NA,NA,"M",6
789,"KT34DR_36","b","LYLA","BUTLER",NA,"KT34DR",NA,"F",6
790,"KT34EU_59","b","CALEB","CARTER",NA,"KT34EU",NA,"M",6
791,"KT48DE_41","b","THEA","BELL",NA,"KT48DE",NA,"F",6
792,"KT65BD_1","b","HAYDEN","HUDSON",NA,"KT65BD",NA,"M",6
793,"KT65BD_10","b","YUSUF","TUCKER",NA,NA,NA,"M",6
794,"KT12SF_1","b","AMAYA","LOPEZ",NA,"KT12SF",NA,"F",6
795,"KT12SF_14","b","FLORENCE","EVANS",NA,"KT12SF",NA,"F",6
796,"KT12SF_18","b","MAXWELL","GREEN",NA,"KT12SF",NA,"M",6
797,"KT12SF_26","b","SCARLETT","THOMSON",NA,"KT12SF",NA,"F",6
798,"KT12SF_3","b","HOPE","ALLEN",NA,"KT12SF",NA,"F",6
799,"KT12SF_33","b","SCARLET","GREEN",NA,"KT12SF",NA,"F",6
800,"KT12SF_35","b","DARCY","THOMSON",NA,"KT12SF",NA,"F",6
801,"KT12SF_4","b","LENA","CHAPMAN",NA,"KT12SF",NA,"F",6
802,"KT12SF_42","b","ELLA-MAE","HAMER",NA,"KT12SF",NA,"F",6
803,"KT12SF_44","b","MADDISON","BOOTH",NA,"KT12SF",NA,"F",6
804,"KT26LH_16","b","FLORENCE","BELL",NA,"KT26LH",NA,"F",6
805,"KT26LH_18","b","DARCY","HAMER",NA,"KT26LH",NA,"F",6
806,"KT26LH_21","b","RUBY","BUTLER",NA,"KT26LH",NA,"F",6
807,"KT26LH_22","b","MAGGIE","GREEN",NA,"KT26LH",NA,"F",6
808,"KT26LH_35","b","GEORGE","THOMSON",NA,"KT26LH",NA,"M",6
809,"KT26LH_36","b","MOHAMMAD","JAMES",NA,"KT26LH",NA,"M",6
810,"KT26LH_46","b","CHARLIE","ROBINSON",NA,"KT26LH",NA,"M",6
811,"KT26RY_1","b","MOHAMMAD","DONNELLY",NA,"KT26RY",NA,"M",6
812,"KT26RY_16","b","TOMMY","GREEN",NA,"KT26RY",NA,"M",6
813,"KT26RY_17","b","ZARA","CARTER",NA,"KT26RY",NA,"F",6
814,"KT26RY_2","b","ESME","THOMSON",NA,"KT26RY",NA,"F",6
815,"KT26RY_27","b","MAISIE","ALLEN",NA,"KT26RY",NA,"F",6
816,"KT26RY_3","b","GEORGE","ROBINSON",NA,"KT26RY",NA,"M",6
817,"KT26RY_38","b","MADDISON","MAY",NA,"KT26RY",NA,"F",6
818,"KT26RY_49","b","DAISY","GREEN",NA,"KT26RY",NA,"F",6
819,"KT26RY_50","b","THEO","BRENNAN",NA,"KT26RY",NA,"M",6
820,"KT26RY_54","b","RILEY","CARTER",NA,"KT26RY",NA,"M",6
821,"KT27BS_2","b","JESSICA","CARTER",NA,"KT27BS",NA,"F",6
822,"KT27BS_21","b","ABIGAIL","BUTLER",NA,"KT27BS",NA,"F",6
823,"KT27BS_25","b","MAXWELL","TUCKER",NA,"KT27BS",NA,"M",6
824,"KT27BS_26","b","TOMAS","JAMES",NA,"KT27BS",NA,"M",6
825,"KT27BS_51","b","AMAYA","CHAPMAN",NA,"KT27BS",NA,"F",6
826,"KT27BS_56","b","DAISY","BOOTH",NA,"KT27BS",NA,"F",6
827,"KT27BS_58","b","THEA","ROBINSON",NA,"KT27BS",NA,"F",6
828,"KT27BS_6","b","DAISY","HART",NA,"KT27BS",NA,"F",6
829,"KT33JH_10","b","ROBERT","WALLACE",NA,"KT33JH",NA,"M",6
830,"KT33JH_17","b","TOMAS","HUDSON",NA,"KT33JH",NA,"M",6
831,"KT33JH_27","b","CALLUM","BOOTH",NA,"KT33JH",NA,"M",6
832,"KT33JH_33","b","LUCAS","BOOTH",NA,"KT33JH",NA,"M",6
833,"KT33JH_36","b","SCARLET","LOPEZ",NA,"KT33JH",NA,"F",6
834,"KT33JH_39","b","MAXWELL","CARTER",NA,"KT33JH",NA,"M",6
835,"KT33JH_40","b","SCARLET","CARTER",NA,"KT33JH",NA,"F",6
836,"KT33JH_42","b","LUCAS","MCCALL",NA,"KT33JH",NA,"M",6
837,"KT33JH_43","b","LUCAS","HARRISON",NA,"KT33JH",NA,"M",6
838,"KT33JH_54","b","JESSICA","SLATER",NA,"KT33JH",NA,"F",6
839,"KT34DR_11","b","HOPE","CARTER",NA,"KT34DR",NA,"F",6
840,"KT34DR_13","b","ROBERT","HOPKINS",NA,"KT34DR",NA,"M",6
841,"KT34DR_14","b","HOPE","BOOTH",NA,"KT34DR",NA,"F",6
842,"KT34DR_25","b","HARRISON","ALLEN",NA,"KT34DR",NA,"M",6
843,"KT34DR_32","b","DAISY","CHAPMAN",NA,"KT34DR",NA,"F",6
844,"KT34DR_33","b","LUCAS","BUTLER",NA,"KT34DR",NA,"M",6
845,"KT34DR_4","b","HALLE","EVANS",NA,"KT34DR",NA,"F",6
846,"KT34EU_1","b","ALEXA","DONNELLY",NA,"KT34EU",NA,"F",6
847,"KT34EU_11","b","G","CHAPMAN",NA,"KT34EU",NA,"M",6
848,"KT34EU_16","b","CHARLIE","HUDSON",NA,"KT34EU",NA,"M",6
849,"KT34EU_17","b","ARABELLA","HOPKINS",NA,"KT34EU",NA,"F",6
850,"KT34EU_21","b","CALLIE","CARTER",NA,"KT34EU",NA,"F",6
851,"KT34EU_27","b","KEIRA","ALLEN",NA,"KT34EU",NA,"F",6
852,"KT34EU_32","b","KEIRA","WALLACE",NA,"KT34EU",NA,"F",6
853,"KT34EU_36","b","MUHAMMAD","HENDERSON",NA,"KT34EU",NA,"M",6
854,"KT34EU_9","b","LUCIE","DONNELLY",NA,"KT34EU",NA,"F",6
855,"KT48DE_1","b","HARRISON","EVANS",NA,"KT48DE",NA,"M",6
856,"KT48DE_2","b","NAOMI","HUDSON",NA,"KT48DE",NA,"F",6
857,"KT48DE_21","b","GEORGE","BELL",NA,"KT48DE",NA,"M",6
858,"KT48DE_27","b","LYLA","GREEN",NA,"KT48DE",NA,"F",6
859,"KT48DE_29","b","YUSUF","ALLEN",NA,"KT48DE",NA,"M",6
860,"KT48DE_31","b","DYLAN","EVANS",NA,"KT48DE",NA,"M",6
861,"KT48DE_34","b","RUBEN","HAMER",NA,"KT48DE",NA,"M",6
862,"KT48DE_4","b","JAY","HAMER",NA,"KT48DE",NA,"M",6
863,"KT48DE_9","b","GEORGE","HARRISON",NA,"KT48DE",NA,"M",6
864,"KT65BD_17","b","HEIDI","ALLEN",NA,"KT65BD",NA,"F",6
865,"KT65BD_18","b","RILEY","LOPEZ",NA,"KT65BD",NA,"M",6
866,"KT65BD_22","b","LEIGHTON","HUDSON",NA,"KT65BD",NA,"M",6
867,"KT65BD_25","b","YUSUF","DONNELLY",NA,"KT65BD",NA,"M",6
868,"KT65BD_26","b","BETSY","ROBINSON",NA,"KT65BD",NA,"F",6
869,"KT65BD_3","b","HOLLIE","CHAPMAN",NA,"KT65BD",NA,"F",6
870,"KT65BD_31","b","CALLIE","MURRAY",NA,"KT65BD",NA,"F",6
871,"KT65BD_40","b","THEA","GREEN",NA,"KT65BD",NA,"F",6
872,"KT65BD_42","b","DAISY","ATHERTON",NA,"KT65BD",NA,"F",6
873,"KT65BD_45","b","EVAN","HAMER",NA,"KT65BD",NA,"M",6
874,"KT92NE_24","b","MAXWELL","EVANS",NA,"KT92NE",NA,"M",6
875,"KT92NE_28","b","HALLE","MURRAY",NA,"KT92NE",NA,"F",6
876,"KT92NE_3","b","KEIRA","GREEN",NA,"KT92NE",NA,"F",6
877,"KT92NE_35","b","HARRISON","GREEN",NA,"KT92NE",NA,"M",6
878,"KT92NE_6","b","GEORGE","BOOTH",NA,"KT92NE",NA,"M",6
879,"KT92NE_7","b","THEA","CHAPMAN",NA,"KT92NE",NA,"F",6
